{"bid_price":{"0":0.01,"1":0.1,"2":0.2,"3":0.4,"4":0.5,"5":0.75,"6":1.0,"7":2.0,"8":5.0,"9":9.0},"eventsAgg":{"0":100000,"1":10000,"2":10000000,"3":1000000,"4":100000,"5":10000,"6":1000,"7":100,"8":10,"9":1},"eventsWinAgg":{"0":0,"1":3000,"2":2000000,"3":300000,"4":20000,"5":3000,"6":600,"7":70,"8":8,"9":1},"expWinRate":{"0":0.0,"1":0.3,"2":0.2,"3":0.3,"4":0.2,"5":0.3,"6":0.6,"7":0.7,"8":0.8,"9":1.0},"lowerConfInt":{"0":0.0,"1":0.291,"2":0.2,"3":0.299,"4":0.198,"5":0.291,"6":0.57,"7":0.61,"8":0.552,"9":1.0},"upperConfInt":{"0":0.0,"1":0.309,"2":0.2,"3":0.301,"4":0.202,"5":0.309,"6":0.63,"7":0.79,"8":1.0,"9":1.0},"weight":{"0":0.0089117735,"1":0.0008911774,"2":0.8911773531,"3":0.0891177353,"4":0.0089117735,"5":0.0008911774,"6":0.0000891177,"7":0.0000089118,"8":0.0000008912,"9":0.0000000891},"win":{"0":0.49,"1":0.4,"2":0.3,"3":0.1,"4":0.0,"5":-0.25,"6":-0.5,"7":-1.5,"8":-4.5,"9":-8.5},"winProb":{"0":0.0,"1":0.12,"2":0.06,"3":0.03,"4":0.0,"5":-0.075,"6":-0.3,"7":-1.05,"8":-3.6,"9":-8.5}}